;date;title;author;link
0;16.06;PocketBook 617: характеристики, обзоры, частые вопросы о модели;Редакция «Сравнятор» ;/pocketbook-617/
1;16.06;Digma K1: характеристики, обзоры, частые вопросы о модели;Редакция «Сравнятор» ;/digma-k1/
2;16.06;Моя косметичка: как я ухаживаю за сухой кожей после переезда на север;Алиса ;/moving-north-skin-care/
3;15.06;Лучшие самокаты от 5000 ₽: городские, бездорожные и трюковые;Мария Киселева ;/best-scooters/
4;15.06;Onyx Boox Lomonosov: характеристики, обзоры, частые вопросы о модели;Редакция «Сравнятор» ;/onyx-boox-lomonosov/
5;15.06;PocketBook 740 Pro: характеристики, обзоры, частые вопросы о модели;Редакция «Сравнятор» ;/pocketbook-740-pro/
6;14.06;Топ одноразовых станков для бритья;Надежда Базанова ;/best-disposable-razors/
7;14.06;Apple Watch Series 7: характеристики, обзоры, частые вопросы о модели;Редакция «Сравнятор» ;/apple-watch-7-about/
8;14.06;Amazfit GTR 4: характеристики, обзоры, частые вопросы о модели;Редакция «Сравнятор» ;/amazfit-gtr-4/
9;13.06;Какой VR-шлем купить в 2023 году;Даниил Баздырев ;/best-vr/
10;13.06;Huawei Watch 3 Pro: характеристики, обзоры, частые вопросы о модели;Редакция «Сравнятор» ;/huawei-watch-3-pro/
11;13.06;Samsung Galaxy Watch 4: характеристики, обзоры, частые вопросы о модели;Редакция «Сравнятор» ;/samsung-galaxy-watch-4/
12;09.06;Моя косметичка: как я ухаживаю за проблемной кожей во время беременности;Транжира Владимировна ;/sensitive-skin-care-during-pregnancy-care/
13;09.06;Amazfit Bip U Pro: характеристики, обзоры, частые вопросы по модели;Редакция «Сравнятор» ;/amazfit-bip-u-pro/
14;09.06;Xiaomi Smart Band 8: характеристики, обзоры, частые вопросы по модели;Редакция «Сравнятор» ;/xiaomi-smart-band-8/
15;08.06;Лучшие наушники с костной проводимостью: как выбрать и какие купить;Альбина Павловская ;/s-kostnoj-provodimostu/
16;08.06;Xiaomi Band 7: характеристики, обзоры, частые вопросы о модели;Редакция «Сравнятор» ;/xiaomi-band-7/
17;07.06;7 лучших увлажнителей воздуха;Виктория Зорина ;/best-humidifiers/
18;05.06;Я собрал бесшумный, миниатюрный и производительный ПК за 189 600 ₽;Vladislav ;/pc-for-custom/
19;02.06;6 лучших детских смарт-часов;Виктория Зорина ;/kids-smart-watch/
20;02.06;Моя косметичка: уход за обезвоженной кожей с высыпаниями и постакне;Ирина ;/dlia-kozhi-s-postakne/
21;01.06;Топ электрических триммеров: чем косить траву на небольшом участке;Александр Зайка ;/electric-trimmers-for-grass/
22;30.05;Лучшие компьютерные корпуса для игр, работы и домашнего кинотеатра: 18 вариантов от 5000 ₽;Сергей Первушин ;/best-pc-cases/
23;29.05;Топ электрических беговых дорожек: выбираем лучшие из десятков вариантов;Мария Киселева ;/best-electronic-treadmills/
24;26.05;Моя косметичка: большой набор для кожи с куперозом;Дмитрий Верещагин ;/big-set-for-combi/
25;25.05;Заменят проветривание: 7 лучших бризеров для дома;Виктория Зорина ;/best-breezers/
26;24.05;Лучшие гигиенические тампоны;Елена Шипилова ;/best-tampons/
27;22.05;Я собрал ПК за 293 185 ₽, чтобы изучать 3D-моделирование и играть в новинки;Kot Obormot ;/pc-for-3d-and-games/
28;19.05;Лучшие радионяни: 6 вариантов;Татьяна Лютова ;/best-baby-monitors/
29;19.05;Моя косметичка: 11 средств в уходе эксперта рубрики Аси Поповой;Анна Мозговая ;/cosmetic-bag-asya-popova/
30;18.05;Лучшие солнцезащитные кремы для разных типов кожи;Ася Попова ;/best-sunscreens/
31;17.05;Топ механических беговых дорожек до 22 000 ₽;Мария Киселева ;/best-mechanical-treadmills/
32;16.05;Лучшие процессоры для ПК: 7 удачных моделей от 7670 ₽;Никита Богуславский ;/best-cpu/
33;15.05;Лучшие погружные блендеры: для смузи, фарша и блинов;Юлия Скопич ;/best-blenders/
34;15.05;«Настоящий праздник для спины»: 8 матрасов для комфортного сна;Юлия Коняхина ;/best-mattresses/
35;12.05;Моя косметичка: 7 средств для кожи 40+ с пигментными пятнами;Квакша ;/products-for-skin-with-pigment-spots/
36;11.05;Какой Макбук купить с рук в 2023 году: 5 проверенных моделей от 27 000 ₽;Максим Аврамов ;/list/used-macbooks-guide/
37;10.05;Выбираем лучший смартфон для видео: 5 вариантов;Александр Герасимов ;/best-videophones/
38;05.05;Моя косметичка: как я ухаживаю за чувствительной кожей лица и тела;Инга | Учусь жизни у кота ;/poll-problem-skin-care-between-3000-and-15000-rubles-a-month/
39;05.05;6 полезных гаджетов для похода;Алексей Никитченко ;/hike-gadgets/
40;03.05;Рейтинг лучших вузов России в 2023 году;Екатерина Александрова ;/list/top-universities/
41;03.05;Лучшие подростковые велосипеды, чтобы ездить во дворе и на даче;Артем Соколов ;/best-bikes-young/
42;02.05;Лучшие роутеры с симкартой для дачи: 4 модели от 1000 ₽;Даниил Баздырев ;/best-4g-routers/
43;28.04;Лучшие зубные пасты до 400 ₽;Маша Русскова ;/best-toothpaste/
44;28.04;Моя косметичка: 10 средств для ухода за кожей, склонной к прыщам и черным точкам;Кроха Картоха ;/care-for-oily-problem-age-skin/
45;27.04;Лучшие электрогрили для любителей готовить вкусные стейки дома;Кира Ступникова ;/best-grrrls/
46;26.04;Какой Kindle купить в 2023 году;Ольга Щербинина ;/kindle-wanted/
47;25.04;Лучшие беспроводные мыши;Никита Богуславский ;/best-wireless-mice/
48;21.04;Моя косметичка: уход за кожей с сезонным себорейным дерматитом;Елизавета ;/skin-care-for-seasonal-seborrheic-dermatitis-for-20000-per-year/
49;18.04;Топ складных смартфонов: 4 удачных варианта от 57 000 ₽;Александр Герасимов ;/best-folding-phones/
50;17.04;«Глаза жалко, а деньги — не очень»: 8 проверенных растворов для линз;Юлия Коняхина ;/lens-solutions/
51;17.04;Лучшие топоры: чем рубить и колоть;Артем Соколов ;/best-axes/
52;14.04;Лучшие гигиенические прокладки;Елена Шипилова ;/best-menstrual-pads/
53;14.04;Моя косметичка: как я ищу уход за кожей с поврежденным защитным барьером;Норма Джин ;/care-for-dry-young-skin-with-an-impaired-lipid-barrier/
54;12.04;Зачем для уборки дома мне нужны пять пылесосов;Виталий Чумаков ;/my-vacuum-cleaners/
55;11.04;Лучшие колонки с Алисой, которые можно купить;Евгений Вильдяев ;/best-with-alice/
56;10.04;Я собрала ПК для дизайнерских утех за 225 000 ₽;Адиюх Шипшева ;/pc-for-design/
57;07.04;Топ летних беговых кроссовок: для легких пробежек и серьезных тренировок;Мария Киселева ;/beg-letom/
58;07.04;Моя косметичка: как я ухаживаю за молодой кожей и покупаю минимум декоративной косметики;Лиза ;/care-for-young-skin-prone-to-rashes-and-redness/
59;06.04;Какой Макбук купить в 2023 году;Даниил Баздырев ;/best-macbook/
60;05.04;Лучшие беспроводные шуруповерты до 10 000 ₽;Николай Овчинников ;/best-screwgun-not-screw-up/
61;04.04;Samsung Galaxy S23: обзор компактного флагмана с хорошей камерой;Михаил Полярус ;/s23-review/
62;03.04;Я нашла хороший пружинный матрас 180 × 200 см после ухода «Икеи» из России;Кира Ступникова ;/spring-mattresses/
63;31.03;Лучшие мультиварки-скороварки: с чем можно меньше стоять у плиты;Юлия Скопич ;/best-and-fast/
64;31.03;Моя косметичка: как я ухаживаю за кожей 50+ с сухими участками;Марианна Черанева ;/five-care-products-for-dry-skin-spots/
65;30.03;Лучшие ТВ-приставки: 6 вариантов;Даниил Баздырев ;/top-smart-tv-box/
66;28.03;Лучшие увлажняющие капли для глаз;Виктория Зорина ;/kapli-dlya-glaz/
67;24.03;Лучшие игровые наушники от известных компаний: 8 моделей от 4000 ₽;Дарья Тильная ;/best-gaming-headphones/
68;24.03;Моя косметичка: как я ухаживаю за кожей после курса системных ретиноидов;toni_raven ;/products-i-use-after-i-cured-my-acne/
69;23.03;Лучшие беспроводные клавиатуры: 8 вариантов для разных задач от 779 до 20 000 ₽;Никита Богуславский ;/best-wireless-keyboards/
70;22.03;Что купить для химчистки салона автомобиля;Константин Ищенко ;/himchistka-salona-avto/
71;21.03;Лучшие городские велосипеды: на чем ездить каждый день;Артем Соколов ;/best-city-bikes/
72;20.03;Натуральные гели для душа до 500 ₽;Мария Киселева ;/geli-dlya-dusha/
73;17.03;Лучшие видеокарты для игр и работы: 6 вариантов от 15 445 ₽;Семен Окороков ;/best-gpu/
74;17.03;Моя косметичка: как я ухаживаю за неприхотливой кожей случайными средствами;Far Away ;/my-care-for-sensitive-skin/
75;15.03;Лучшие горные велосипеды: для прогулок и ежедневного катания;Артем Соколов ;/best-mtb-bikes/
76;14.03;Лучшие бюджетные беспроводные наушники: 5 проверенных моделей до 8000 ₽;Даниил Баздырев ;/best-tws-lowcost/
77;13.03;Я собрал компьютер с «Алиэкспресса» за 33 497 ₽ — чтобы жаба не душила;Александр Мжельский ;/pc-from-ali/
78;10.03;Моя косметичка: как я ухаживаю за кожей с акне и розацеа;Сейлор Марс ;/combination-sensitive-skin-with-acne/
79;09.03;Лучшие мониторы для дома: 7 удачных вариантов среднего уровня до 40 000 ₽;Александр Герасимов ;/best-home-monitor/
80;08.03;Лучшие компактные смартфоны: 5 моделей от 25 000 ₽;Евгений Вильдяев ;/best-compact-phones/
81;08.03;Лучшие планшеты среднего класса: 5 удачных моделей до 35 000 ₽;Евгений Вильдяев ;/best-middle-tablets-2023/
82;08.03;Какой Айфон купить на вторичном рынке: 5 удачных моделей от 15 000 ₽;Никита Богуславский ;/list/secondhand-iphones/
83;08.03;Лучшие умные часы: 6 удачных моделей от 2800 ₽;Александр Герасимов ;/best-smartwatch/
84;07.03;Что я использую для фотосъемки природы, архитектуры и людей;Георгий Джеджея ;/my-photo-setup/
85;03.03;Лучшие профессиональные краски для волос;Оксана Мосеева ;/kraski-dlya-volos/
86;03.03;Моя косметичка: уход за проблемной кожей средствами до 600 ₽;поросячий хвостик ;/teenage-acne-skin-600/
87;02.03;Лучшие кнопочные телефоны: 7 удачных моделей от 890 ₽;Даниил Баздырев ;/best-featurephones/
88;01.03;Лучшие шоссейные велосипеды: на чем ездить быстро и далеко;Артем Соколов ;/best-road-bikes/
89;28.02;Лучшие ноутбуки для работы и не только: 7 удачных вариантов;Александр Герасимов ;/laptops-for-work/
90;27.02;Рейтинг лазерных принтеров;Оксана Мосеева ;/best-printers/
91;27.02;Я собрал ПК за 285 000 ₽, чтобы перепройти Cyberpunk 2077 с трассировкой лучей;Sergey Averyanov ;/pc-with-ray-tracing/
92;24.02;Моя косметичка: 7 средств, после которых я перестала пользоваться тональным кремом;Вероника Морозова ;/7-products-after-which-i-stopped-using-foundation/
93;22.02;Лучшие семейные палатки до 30 000 ₽;Мария Киселева ;/best-tents/
94;21.02;Лучшие бюджетные смартфоны до 15 000 ₽: 6 удачных моделей;Даниил Баздырев ;/best-budget-phones/
95;20.02;Лучшие газовые котлы;Виктор Джин ;/gas-heaters/
96;20.02;«Грива блестит, концы не секутся»: еще 12 проверенных шампуней до 1000 ₽;Юлия Коняхина ;/hair-care/
97;17.02;Лучшие растворы для контактных линз;Виктория Зорина ;/best-solution/
98;17.02;Моя косметичка: уход за комбинированной кожей лица, тела и волосами в 48 лет;Кадерлем ;/combination-skin-body-hair/
99;16.02;Лучшие беспроводные колонки: 5 удачных моделей от 2000 ₽;Даниил Баздырев ;/best-wireless-speakers/
100;15.02;Какой картридер купить в 2023 году;Стас Зверянов ;/best-card-reader/
101;14.02;Лучшие гейнеры для набора мышечной массы;Артем Соколов ;/best-gainers-for-muscles/
102;13.02;Я потратил на сборку ПК более 361 000 ₽ и не жалею об этом;Владимир Ноженко ;/dream-pc-expensive/
103;13.02;Лучшие Apple Watch;Никита Богуславский ;/best-apple-watch/
104;10.02;Лучшие газовые плиты до 40 000 ₽;Юлия Скопич ;/best-gas-ovens/
105;10.02;Моя косметичка: уход за чувствительной кожей после акне за 3000 ₽ в месяц;Mr. Wolf ;/dry-sensitive-skin/
106;09.02;Лучшие электронные книги: 7 удачных моделей от 5500 ₽;Даниил Баздырев ;/best-readers-2023/
107;08.02;Какие AirPods купить в 2023 году: 4 модели от 12 500 ₽;Дамир Камалетдинов ;/best-airpods-2023/
108;07.02;Какой Dyson для волос выбрать себе или в подарок;Ольга Щербинина ;/dyson-wanted/
109;06.02;Лучшие саундбары до 30 000 ₽;Даниил Венедиктов ;/best-soundbars/
110;03.02;Лучшие умные колонки: 7 моделей для любого бюджета;Никита Богуславский ;/best-smart-speakers/
111;02.02;Лучшие ноутбуки для работы от новых китайских брендов до 42 000 ₽;Александр Герасимов ;/ali-laptops/
112;31.01;Какой выбрать Айпад в 2023 году: 4 удачные модели от 38 000 ₽;Дамир Камалетдинов ;/best-ipads-2023/
113;30.01;Что я использую в мастерской, в которой работаю каждый день;Евгений Матвеев ;/doctor-device/
114;30.01;Я потратил на сборку ПК 232 000 ₽ и не планирую останавливаться;sayonara_boyz ;/pc-no-stop/
115;27.01;Лучшие тональные кремы;Оксана Мосеева ;/tonalki/
116;27.01;Моя косметичка: как я ухаживаю за обезвоженной кожей с акне;Ирина Фурсова ;/oily-dehydrated-skin/
117;26.01;Лучшие телевизоры до 20 000 ₽;Виктория Зорина ;/best-cheap-tv/
118;25.01;Лучшие столы с дополнительными функциями;Стас Зверянов ;/best-smart-table/
119;24.01;Лучшие внешние жесткие диски HDD и SSD;Кирилл Черемисин ;/best-hdd-ssd/
120;23.01;Лучшие умные лампочки: 8 моделей для разных комнат и задач;Евгений Вильдяев ;/best-smart-bulb-2023/
121;23.01;Я впервые собрал компьютер самостоятельно и потратил на это 204 950 ₽;Mark Zhevnerchuk ;/pc-for-games-ultra-2k/
122;20.01;Что купить для работы мастером маникюра;капибарышня ;/manikurochnaya/
123;20.01;Моя косметичка: как я избавилась от акне и нашла уход, который не вызывает высыпаний;Бьютизависимость ;/acne-prevention-care/
124;19.01;Лучшие дрели;Артем Соколов ;/best-drills/
125;18.01;6 хороших шампуней стоимостью до 500 ₽;Ася Попова ;/best-cheap-shampoos/
126;17.01;Лучшие автономные смартфоны: 7 удачных моделей с большой батареей;Даниил Баздырев ;/best-charged-smartphones/
127;17.01;Как я ради эксперимента заказал процессор с «Алиэкспресса» и в итоге обновил ПК за 180 850 ₽;Дмитрий ;/pc-for-regret/
128;16.01;Лучшие кроссовки для бега зимой: по асфальту, бездорожью и гололеду;Мария Киселева ;/beg-zimoj/
129;13.01;Лучшие пены для бритья;Артем Соколов ;/best-shave-foams/
130;13.01;Моя косметичка: уход за проблемной кожей с акне в ремиссии;Valeria Li ;/problematic-skin-care-in-remission/
131;12.01;Лучшие пауэрбанки: 4 качественные модели под разные задачи;Кирилл Черемисин ;/best-powerbanks/
132;11.01;Лучшие напольные и ручные отпариватели;Николай Лялин ;/best-vapor/
133;10.01;Лучшие фотоаппараты мгновенной печати;Стас Зверянов ;/best-instax/
134;09.01;Что я купила для мини-спортзала дома, чтобы отказаться от фитнес-клуба;Лилия Бронникова ;/sport-doma-nabor/
135;30.12.22;Лучшие протеиновые порошки: что купить спортсменам и тем, кому нужно больше белка;Артем Соколов ;/best-proteins/
136;29.12.22;Лучшие беспроводные TWS-наушники: 4 флагманские модели от 9000 ₽;Никита Богуславский ;/top-tws/
137;28.12.22;Лучшие стиральные машины до 30 000 ₽;Игорь Николаев ;/best-cheap-washing-machines/
138;27.12.22;5 альтернатив «Лего»;Юлия Скопич ;/lego-alternatives/
139;26.12.22;5 идеальных микрофонов для созвонов;Полина Моровова-Шейнер ;/microphones-for-zoomcalls/
140;23.12.22;7 электромобилей, которые продаются в России новыми;Константин Ищенко ;/parallelnaya-electrichka/
141;23.12.22;Моя косметичка: как я ухаживаю за сухой кожей с веснушками;Сестра таланта ;/care-for-dry-skin-from-bloggers/
142;22.12.22;Я купила фильтр-кофеварку вместо турки и наконец расслабилась;Ольга Грачева ;/damn-fine-cup-of-coffee/
143;21.12.22;5 масел для волос с натуральными экстрактами;Юлия Скопич ;/best-hair-butter/
144;20.12.22;Какую умную гирлянду выбрать: примеры удачных моделей;Никита Богуславский ;/smart-party-lights/
145;19.12.22;Лучшие телевизоры диагональю 55 дюймов;Даниил Венедиктов ;/best-tv-55/
146;16.12.22;Какой выбрать фильтр для воды;Полина Моровова-Шейнер ;/best-water-filters/
147;16.12.22;Моя косметичка: как я ухаживаю за кожей после лечения акне;Алина ;/combination-skin-care/
148;14.12.22;Лучшие сушилки для овощей и фруктов;Николай Лялин ;/best-vegetable-machines/
149;13.12.22;Лучшие утюги не дороже 8000 ₽;Оксана Мосеева ;/the-best-irons/
150;09.12.22;Какие подгузники для детей купить: 5 лучших брендов;Юлия Скопич ;/best-diapers/
151;09.12.22;Моя косметичка: как я ухаживаю за комбинированной кожей средствами до 750 ₽;Александра Корякина ;/care-for-enlarged-pores-in-the-t-zone/
152;08.12.22;8 автомобилей, которые дилеры привезли через параллельный импорт;Константин Ищенко ;/parallelniy-import-avto/
153;06.12.22;Лучшие кровати для детей до 3 лет;Юлия Скопич ;/best-child-beds/
154;02.12.22;Моя косметичка: как я ухаживаю за кожей головы с себореей;Alexandr ;/seborrhea-scalp-care/
155;01.12.22;Какую Nintendo Switch купить в России в конце 2022 года;Ольга Щербинина ;/switch-wanted/
156;28.11.22;Я собрал игровой ПК за 50 000 ₽ и исполнил мечту детства;Денис Поляков ;/dream-pc-for-games/
157;25.11.22;Лучшая мультиварка на каждый день;Полина Моровова-Шейнер ;/best-multicookers/
158;25.11.22;Моя косметичка: как я пытаюсь ухаживать за кожей, склонной к атопическому дерматиту;Бублик ;/attempts-to-combat-atopic-dermatitis/
159;22.11.22;Лучшие игрушки-подарки для ребенка от 1 до 3 лет;Оксана Мосеева ;/best-toys-for-very-young-kids/
160;21.11.22;Вертикальные беспроводные пылесосы: топ удачных моделей от 16 500 ₽;Даниил Венедиктов ;/best-vacuum-cleaners/
161;18.11.22;Пять качественных моделей часов до 10 000 ₽;Кирилл Черемисин ;/best-cheap-watch/
162;14.11.22;Какой iPhone купить: 4 модели от 26 000 ₽;Дамир Камалетдинов ;/best-iphones/
163;14.11.22;Я собрал ПК за 146 000 ₽, потому что соскучился по видеоиграм;Сергей Диденко ;/pc-for-gaming/
164;11.11.22;Лучшие SSD: 5 удачных моделей для ПК, ноутбука и игровых консолей;Михаил Полярус ;/best-ssd/
165;11.11.22;Моя косметичка: уход за проблемной кожей, склонной к гиперкератозу и куперозу;Красный Стаканчик ;/skin-with-keratosis-and-rosacea/
166;08.11.22;Лучшие видеорегистраторы: что купить в машину;Константин Ищенко ;/best-dash-cams/
167;04.11.22;Моя косметичка: как я 6 лет ищу уход за комбинированной кожей и борюсь с акне;naduxa ;/combination-skin-with-acne/
168;03.11.22;Лучшие автоматические кофемашины: в чем готовить дома эспрессо, американо и капучино;Darth Sidious ;/best-coffee-machines/
169;28.10.22;Моя косметичка: как я справилась с проблемной кожей двумя средствами;Наталья ;/minimalist-care-problem-skin/
170;24.10.22;Лучшие смартфоны среднего класса: 6 удачных моделей до 50 000 ₽;Даниил Баздырев ;/best-middle-phones/
171;21.10.22;Моя косметичка: как я ищу уход за жирной мужской кожей;Биба Бобов ;/oily-male-skin/
172;21.10.22;Утка-обнимашка и ароматный крем: вещи до 1500 ₽, чтобы порадовать себя;Дмитрий Козаченко ;/short/wow-stuff/
173;17.10.22;Моя косметичка: как я начала ухаживать за кожей после появления первых морщин;nana_n ;/combination-skin-with-aging/
174;15.10.22;7 брендов, которые делают красивые резиновые сапоги;Дмитрий Козаченко ;/short/i-hate-the-rain/
175;30.09.22;Моя косметичка: как я ухаживаю за проблемной подростковой кожей;Анна Дубова ;/combination-problem-skin/
176;23.09.22;Моя косметичка: как я ухаживаю за комбинированной кожей в 25 лет;Тёплая медведка с материка ;/combination-skin-25-years/
177;16.09.22;Бюджетные игровые мыши, клавиатуры и не только: лучшие геймерские устройства до 2800 ₽;Егор Аргунов ;/best-gaming-lowcost/
178;09.09.22;Моя косметичка: как я ищу уход для борьбы с возрастными изменениями кожи 40+;Альбина Кабова ;/skin-kit-40/
179;02.09.22;Моя косметичка: как я ухаживаю за чувствительной кожей 30+;Soul of a dawn ;/messy-skin-care-over-30/
180;26.08.22;Моя косметичка: как я ухаживаю за нормальной кожей 45+;Инфузория туфелька ;/imperfect-skin-care/
181;24.08.22;Лучшие игровые консоли: какую PlayStation, Xbox или Nintendo выбрать в 2023 году;Денис Дудушкин ;/best-gaming-consoles/
182;19.08.22;Моя косметичка: бюджетный набор для ухода за кожей с акне легкой степени;Билли джин ;/products-for-mild-acne-skin/
183;12.08.22;Моя косметичка: набор для ухода за чувствительной кожей 45+;Левова Елена ;/skin-care-at-45/
184;05.08.22;Моя косметичка: уход за кожей с расширенными порами и первыми признаками старения;Нижегородская ;/products-for-oily-and-aging-skin/
185;29.07.22;Моя косметичка: набор корейской косметики для ухода за комбинированной кожей;SoFar Me ;/basic-universal-care/
186;22.07.22;Моя косметичка: минималистичный уход для сухой кожи с куперозом и пигментацией;Евгения Калинина ;/minimalist-dry-skin-care/
187;15.07.22;Моя косметичка: средства для ухода за жирной или комбинированной мужской кожей 45+;Сна-ряд ;/set-for-mens-skin/
188;01.07.22;Моя косметичка: уход за жирной кожей с сальными нитями и веснушками;Алиса Неведомская ;/products-for-oily-non-problem-skin/
189;24.06.22;Моя косметичка: как я променяла брендовые уходовые средства на мыло;Ульяна Ц. ;/soap-instead-of-branded-products/
190;17.06.22;Моя косметичка: как я нашла уход для жирной кожи с долговременным эффектом;Vlada Batigi ;/long-term-care/
191;10.06.22;Моя косметичка: как я 6 лет боролась с акне и подобрала уход за 15 000 ₽ в год;Анастасия Трушевская ;/care-rules/
192;03.06.22;Моя косметичка: как я ухаживаю за мягкими кудрями;Крис Черри ;/soft-curls/
193;30.05.22;Пищевая сода, уксус и крахмал: 9 способов заменить популярную бытовую химию;Юлия Скопич ;/list/household-chemicals/
194;27.05.22;Лучшие проводные и беспроводные полноразмерные наушники: 6 удачных моделей от 5000 ₽;Никита Богуславский ;/best-headphones-2022/
195;27.05.22;Моя косметичка: как я ухаживаю за кожей с себорейным дерматитом;Artem Romanov ;/perfect-set-for-combo-skin/
196;20.05.22;Моя косметичка: аскетичный уход для чувствительной кожи;Беспощадный комментатор ;/skin-without-problems/
197;13.05.22;Моя косметичка: большой набор средств для жирной кожи;Богиня тлена ;/set-of-products-for-oily-skin/
198;06.05.22;Моя косметичка: как я избавился от акне за три месяца;Павел ;/izbavilsa-ot-akne-za-3-mesiatsa/
199;29.04.22;Моя косметичка: средства для ухода за комбинированной обезвоженной кожей 30+;Елизавета Варламова ;/combination-skin-30/
200;22.04.22;Моя косметичка: как я ухаживаю за кожей после аллергической реакции;Irina ;/allergy-kit/
201;15.04.22;Моя косметичка: средства для сухой кожи лица и тела;Р ;/dryness-and-flaking/
202;08.04.22;Моя косметичка: уход за сухой кожей, чувствительной к натуральным компонентам;Екатерина Петришина ;/atopic-skin/
203;01.04.22;Моя косметичка: как я ухаживаю за молодой комбинированной кожей;Елена Макарова ;/young-dry-skin/
204;25.03.22;Моя косметичка: 5 средств для кожи с розацеа;Тоня ;/5-products-for-rosaskin/
205;25.03.22;Моя косметичка: как я ухаживаю за комбинированной кожей, которая сохнет зимой;Ксения Романова ;/rashes-dryness-winter/
206;18.03.22;Моя косметичка: аптечные средства для жирной, но обезвоженной кожи;Арина Перепелкина ;/dehydrated-oily-skin/
207;11.03.22;Моя косметичка: 6 средств для бережного ухода за жирной кожей;Дарь ;/6-products-for-oily-skin/
208;25.02.22;Моя косметичка: как я ухаживаю за сухой чувствительной кожей и трачу на это до 110 000 ₽ в год;Anastasia Golz ;/expensive-care-dry-skin/
209;18.02.22;Моя косметичка: как я ухаживаю за фоточувствительной кожей, склонной к высыпаниям;Катерина Рязанцева ;/photosensitive-skin/
210;11.02.22;Моя косметичка: как я ухаживаю за сухой кожей с мимическими морщинами;Анастасия ;/mimic-wrinkles/
211;10.02.22;«Когда все собрала, ПК просто не запустился»: 6 неприятных проблем при сборке компьютера;Алихан Исрапилов ;/pc-problems/
212;28.01.22;Моя косметичка: какие средства с кислотами я использую для проблемной кожи;Анастасия Шкреба ;/acid-products/
213;24.01.22;Лучшие смартфоны за 15 000 ₽: 5 удачных моделей;Александр Герасимов ;/best-lowcost-phones/
214;21.01.22;Моя косметичка: что я использую для чувствительной кожи, склонной к сухости;Little Marie ;/sensitive-dry-skin/
215;21.01.22;Робот-пылесос и меламиновые губки: 12 лучших покупок 2021 года;Вероника Нецова ;/short/top-goodbuy-2021/
216;14.01.22;Моя косметичка: как я ухаживаю за комбинированной кожей;Аноним ;/ukhod-za-kombi-kozhei/
217;30.12.21;Моя косметичка: как я 6 лет боролась с акне и подобрала уход за 100 000 ₽ в год;Ольга ;/poll-6-let-akne/
218;28.12.21;Лучшие беспроводные наушники до 8000 ₽;Даниил Баздырев ;/best-lowcost-tws/
219;24.12.21;Моя косметичка: как я нашла уход для чувствительной кожи без SLS;Оксана Токарева ;/poll-care-without-sls/
220;22.12.21;От 3D-моделирования до майнинга: 5 серьезных поводов собрать компьютер самому;Ефим Гугнин ;/pc-for-work/
221;17.12.21;Моя косметичка: как я ухаживаю за сухой возрастной кожей;Svetlana Svetlyachok ;/poll-dry-aging-skin/
222;10.12.21;Моя косметичка: как я нашла минимум для проблемной жирной кожи;Дарья Ладоненко ;/minimal-ukhod/
223;09.12.21;Надо брать: минималистичный рюкзак;Яков ;/good-riukzak-zavtra/
224;03.12.21;Моя косметичка: что я использую для возрастной кожи, склонной к куперозу и сухости;Natalya Perestyuk ;/suhost-i-kuperoz/
225;02.12.21;Надо брать: авоська;Даша Антонова ;/good-avoska-iz-ikei/
226;26.11.21;«Самое сложное — блок питания»: 8 советов, как самостоятельно собрать компьютер;Ефим Гугнин ;/pc-recommendations/
227;26.11.21;Моя косметичка: что я использую для кожи, жирной в Т-зоне;SimpleDeer ;/nabor-dlia-zhirnoi-kozhi/
228;25.11.21;Надо брать: портативный проектор;Помешанный аэросъемщик ;/good-proektor/
229;18.11.21;Моя косметичка: как я подобрала средства для обезвоженной кожи, склонной к жирности;Ira Rekh ;/my-products-for-oily-skin/
230;18.11.21;Надо брать: балкон для кошек;Саша Уткина ;/good-koshachii-balkon/
231;11.11.21;Моя косметичка: как я 10 лет боролась с акне и смогла найти подходящие средства;schyochky ;/10-let-acne/
232;11.11.21;Надо брать: вертикальный пылесос с ультрафиолетовой лампой;Lina ;/good-vertikalnyi-pylesos/
233;04.11.21;Надо брать: вафельница;Никита Ярунин ;/good-vafelnitsa/
234;28.10.21;Моя косметичка: что я использую для нормальной кожи с постакне;Аноним ;/norm-kozha-s-postakne/
235;28.10.21;Надо брать: парогенератор;Anton Zhitarev ;/good-parogenerator/
236;25.10.21;Моя косметичка: что посоветовал дерматолог для жирной кожи, склонной к акне;BosiCom ;/dlia-zhirnoi-kozhi-sklonnoi-k-akne/
237;21.10.21;Надо брать: моющий робот-пылесос;Дарья Ристевски ;/good-robot-pylesos/
238;15.10.21;Никогда не покупайте это: стайлер для волос;Аделаида Титенгаузен ;/bad-stailer-dlia-volos/
239;14.10.21;Моя косметичка: как я ухаживаю за жирной кожей, чувствительной к некоторым компонентам;Аноним ;/kozha-reagiruyet-na-komponenty/
240;14.10.21;Надо брать: столик-поднос на ножках;Ilya Ovchinnikov ;/stolik-goodbuy/
241;07.10.21;Моя косметичка: как я ухаживаю за чувствительной кожей с розацеа;Александра Соболева ;/dlia-kozhi-s-rozatsea/
242;07.10.21;Надо брать: газовая печь с одноразовыми баллонами;Александр Егоров ;/good-gazovaia-pech/
243;30.09.21;Моя косметичка: как я ухаживаю за кожей с жирной Т-зоной и трачу на это до 100 000 ₽ в год;Jeanmishel ;/t-zona/
244;30.09.21;Надо брать: маска для сна;Тамара Малькова ;/good-mask-for-sleep/
245;23.09.21;Моя косметичка: как я ухаживаю за комбинированной кожей со следами акне;J H ;/kombi-so-sledami-akne/
246;23.09.21;Надо брать: деревянный стеллаж;Виктор Ренатов ;/stellazh-goodbuy/
247;16.09.21;Моя косметичка: как я ухаживаю за сухой чувствительной кожей;Региональный энтузиаст ;/ukhazhivaiu-za-sukhoi-kozhei/
248;16.09.21;Надо брать: беспроводная мышь;mаpиoнeтo4ka ;/mouse-goodbuy/
249;09.09.21;Надо брать: силиконовый коврик для выпечки;Виктория Нельзон ;/good-baking-mat/
250;09.09.21;Моя косметичка: как я подбирала уход для молодой комбинированной кожи;Аноним ;/molodaya-kombi-kozha/
251;02.09.21;Моя косметичка: как я нашел уход для кожи с розацеа, склонной к акне;Егор Чужин ;/zolotoi-standart-ot-akne/
252;02.09.21;Надо брать: капучинатор;Анна Лебедева ;/kapuchinator-goodbuy/
253;02.09.21;6 ингредиентов в косметике, которые могут вызвать аллергию;Ася Попова ;/short/cosmetics-irritants/
254;26.08.21;Надо брать: туристический карабин;Artur Bikmukhametov ;/karabin-goodbuy/
255;26.08.21;Моя косметичка: как я ухаживаю за жирной кожей с высыпаниями;honey ;/oily-skin-with-rashes/
256;19.08.21;Надо брать: поясная сумка;Илюша Перин ;/good-poiasnaia-sumka/
257;12.08.21;Надо брать: электрический штопор;Ltnt ;/good-electric-corkscrew/
258;05.08.21;Надо брать: погружной блендер;Аноним ;/good-hand-blender/
259;29.07.21;Надо брать: подвесной походный фонарь;Кира Кононович ;/good-hanging-lantern/
260;28.07.21;Никогда не покупайте это: любые наушники «Эпл»;Аноним ;/bad-apple-earpods/
261;22.07.21;Надо брать: подставка под кисти для макияжа;Аноним ;/good-brush-stand/
262;21.07.21;Никогда не покупайте это: напольный мобильный кондиционер;Boltunec ;/bad-conditioner/
263;15.07.21;Надо брать: умная лампа;Pavel Usachev ;/good-smart-lamp/
264;14.07.21;Никогда не покупайте это: ноутбук HP с технологией Sure View;Аноним ;/bad-notebook-sure-view/
265;08.07.21;Надо брать: магнитный кабель для зарядки и передачи данных;Ltnt ;/good-cable/
266;07.07.21;Никогда не покупайте это: соковыжималка;Руслан Асадов ;/bad-juicer/
267;01.07.21;Надо брать: коротковолновый радиоприемник;Егор ;/good-radiopriemnik/
268;30.06.21;Никогда не покупайте это: зеркало для макияжа на присоске из «Инстаграма»;Аноним ;/bad-zerkalo-na-prisoske/
269;24.06.21;Надо брать: укулеле;Victoria ;/good-ukulele/
270;23.06.21;Никогда не покупайте это: сковорода гриль-газ;Аноним ;/bad-grill-gas-pan/
271;17.06.21;Надо брать: машинка для удаления катышков;egor seal ;/britva-goodbuy/
272;16.06.21;Никогда не покупайте это: умные напольные весы;Victoria Lysenkova ;/bad-vesy/
273;10.06.21;Надо брать: электрическая мухобойка;Денис Салихов ;/muha-goodbuy/
274;09.06.21;Никогда не покупайте это: беговая дорожка;Анастасия Парфенова ;/bad-doroga/
275;03.06.21;Надо брать: телескопическая чесалка для спины;Lana Ryzhkova ;/chesalka-goodbuy/
276;02.06.21;Никогда не покупайте это: чугунная сковородка;Екатерина ;/bad-cast-iron-pan/
277;26.05.21;Надо брать: ночник с датчиком движения;Dima ;/nochnik-goodbuy/
278;19.05.21;Никогда не покупайте это: электрическая пароварка;Тата Рябоконь ;/parovar-bad/
279;12.05.21;Надо брать: многоразовая пеленка;Дмитрий Батурин ;/pelenka-goodbuy/
280;05.05.21;Никогда не покупайте это: наушники «Эпл Эйрподс»;Полиграф Шариков ;/bad-airpods/
281;28.04.21;Надо брать: набор формочек для печенья;Аноним ;/elk-goodbuy/
282;21.04.21;Никогда не покупайте это: ванночка для парафинотерапии;Anastasia For ;/vosk-bad/
283;14.04.21;Надо брать: меламиновые губки;Юлёк Кашина ;/gubki-goodbuy/
284;07.04.21;Никогда не покупайте это: система стабилизации видеокамеры для телефона;Аноним ;/bad-steadicam/
285;31.03.21;Надо брать: отпугиватель собак;Не Он ;/no-dogs-goodbuy/
286;24.03.21;Никогда не покупайте это: аэрогриль со стеклянной чашей;Харухи Судзумия ;/bad-aerogrill/
287;17.03.21;Надо брать: менструальная чаша;Natalia Shakhoff ;/chasha-goodbuy/
288;16.03.21;Чайный батл: в чем заваривать чай, чтобы было вкусно;Вероника Нецова ;/zavari-chayu/
289;10.03.21;Никогда не покупайте это: индукционный капучинатор;Аноним ;/bad-more-kapuchinator/
290;03.03.21;Надо брать: термокружка из нержавейки;Аноним ;/termokruzhka-goodbuy/
291;24.02.21;Никогда не покупайте это: вертикальный пылесос;Аноним ;/pylesos-badbuy/
292;17.02.21;Надо брать: маленькая гейзерная кофеварка;Оля Селиванова ;/geizer-goodbuy/
293;10.02.21;Никогда не покупайте это: паровая швабра;Таня Патаня ;/shvabra-badbuy/
294;03.02.21;Надо брать: заварочный стеклянный чайник;Аноним ;/teapot-goodbuy/
295;27.01.21;Никогда не покупайте это: мультиварка;Не Он ;/multivar-badbuy/
296;20.01.21;Надо брать: кухонные весы;Oльга ;/nado-brat-kukhonnye-vesy-iz-ashana/
297;13.01.21;Никогда не покупайте это: электронная ручка;Редакция ;/bad-ruchka/
298;30.12.20;Никогда не покупайте это: телескопическая удочка;Редакция ;/bad-udochka/
299;23.12.20;Никогда не покупайте это: складная беговая дорожка;Редакция ;/bad-dorozhka/
